{
    "type": "origins:modify_food",
    "item_condition": {
        "type": "origins:food"
    },
    "food_modifier": {
        "name": "Set food points",
        "operation": "set_total",
        "value": 5
    },
    "saturation_modifier": {
        "name": "Set saturation points",
        "operation": "set_total",
        "value": 0.5
    },
	"name": "Decomposer",
	"description": "All food is worth 2.5 hunger and saturation, and gives you mycelium upon consumption! You can't eat anything cooked."
}