{
    "type": "origins:active_self",
    "entity_action": {
        "type": "origins:and",
        "actions": [
            {
                "type": "origins:execute_command",
                "command": "/execute at @s run fill ~ ~-1 ~ ~ ~-1 ~ minecraft:mycelium replace minecraft:dirt"
            },
            {
                "type": "origins:execute_command",
                "command": "/execute at @s run fill ~ ~-1 ~ ~ ~-1 ~ minecraft:mycelium replace minecraft:grass_block"
            },
			{
                "type": "origins:play_sound",
                "sound": "minecraft:block.gravel.break",
                "volume": 0.75,
                "pitch": 0
            }
        ]
    },
    "key": {
        "key": "key.use"
    },
    "cooldown": 20,
    "hud_render": {
        "should_render": false
    },
    "name": "Sprout",
    "description": "While empty handed, sneak and right click to replace the grass or dirt block beneath you with mycelium!",
    "condition": {
        "type": "origins:and",
        "conditions": [
            {
                "type": "origins:sneaking"
            },
            {
                "type": "origins:equipped_item",
                "equipment_slot": "mainhand",
                "item_condition": {
                    "type": "origins:empty"
                }
            },
            {
                "type": "origins:or",
                "conditions": [
                    {
                        "type": "origins:block_in_radius",
                        "block_condition": {
                            "type": "origins:block",
                            "block": "minecraft:grass_block"
                        },
                        "radius": 1,
                        "shape": "cube",
                        "comparison": ">=",
                        "compare_to": 1
                    },
                    {
                        "type": "origins:block_in_radius",
                        "block_condition": {
                            "type": "origins:block",
                            "block": "minecraft:dirt"
                        },
                        "radius": 1,
                        "shape": "cube",
                        "comparison": ">=",
                        "compare_to": 1
                    }
                ]
            }
        ]
    }
}