{
    "type": "origins:self_action_when_hit",
    "entity_action": {
        "type": "origins:apply_effect",
        "effect": {
            "effect": "minecraft:resistance",
            "amplifier": 3,
            "duration": 40
        }
    },
    "damage_condition": {
        "type": "origins:amount",
        "comparison": ">=",
        "compare_to": 8.0
    },
    "cooldown": 800,
	"hud_render": {
		"sprite_location": "origins:textures/gui/community/spiderkolo/resource_bar_02.png",
        "bar_index": 0
    },
	"name": "Mushy",
	"description": "Taking more than 4 hearts of damage in one hit will give you resistance 4 for 2 seconds! Has a 40 second cooldown."
}