{
    "type": "origins:prevent_item_use",
	"item_condition": {
		"type": "origins:ingredient",
		"ingredient": [
			{
			"item": "minecraft:cooked_mutton"
			},
			{
			"item": "minecraft:cooked_porkchop"
			},
			{
			"item": "minecraft:cooked_salmon"
			},
			{
			"item": "minecraft:cooked_beef"
			},
			{
			"item": "minecraft:cooked_chicken"
			},
			{
			"item": "minecraft:cooked_cod"
			},
			{
			"item": "minecraft:cooked_rabbit"
			},
			{
			"item": "minecraft:baked_potato"
			},
			{
			"item": "minecraft:dried_kelp"
			}
		]
	},
	"hidden": true
}