{
    "type": "origins:multiple",
    "slowmoving": {
        "type": "origins:stacking_status_effect",
		"min_stacks": 0,
		"max_stacks": 1,
		"duration_per_stack": 50,
		"tick_rate": 20,
		"effects": [
			{
			"effect": "minecraft:blindness",
			"is_ambient": true,
			"show_particles": false,
			"show_icon": false
			},
			{
			"effect": "minecraft:slowness",
			"is_ambient": true,
			"show_particles": false,
			"show_icon": false
			}
		],
		"condition": {
			"type": "origins:power_active",
			"power": "fungi:roottrigger"
		}
    },
    "exhaust": {
        "type": "origins:exhaust",
		"interval": 20,
		"exhaustion": 1,
        "condition": {
			"type": "origins:power_active",
			"power": "fungi:roottrigger"
		}
    },
	"hidden": true
}