{
	"hidden": true,
    "type": "origins:phasing",
    "blacklist": false,
    "render_type": "blindness",
    "view_distance": 10,
    "block_condition": {
		"type": "origins:or",
		"conditions": [
			{
				"type": "origins:block",
				"block": "minecraft:mycelium"
			},
			{
				"type": "origins:block",
				"block": "minecraft:dirt"
			}
		]
	},
    "phase_down_condition": {
        "type": "origins:and",
        "conditions": [
            {
                "type": "origins:sneaking"
            },
            {
				"type": "origins:block_in_radius",
				"block_condition": {
					"type": "origins:block",
					"block": "minecraft:mycelium"
				},
				"radius": 2,
				"shape": "cube",
				"comparison": ">=",
				"compare_to": 1
            }
        ]
    },
	"condition": {
    "type": "origins:power_active",
    "power": "fungi:roottrigger"
	}
}