{
    "type": "origins:stacking_status_effect",
    "min_stacks": -7,
    "max_stacks": 1,
    "duration_per_stack": 160,
    "tick_rate": 20,
    "effects": [
	{
        "effect": "minecraft:weakness",
        "is_ambient": true,
        "show_particles": true,
        "show_icon": true
    },
	{
        "effect": "minecraft:slowness",
        "is_ambient": true,
        "show_particles": true,
        "show_icon": true
    }
	],
    "condition": {
        "type": "origins:dimension",
		"dimension": "minecraft:the_nether"
    },
	"hidden": true
}