{
    "type": "origins:active_self",
    "entity_action": {
        "type": "origins:and",
        "actions": [
            {
                "type": "origins:area_of_effect",
                "radius": 6,
                "shape": "sphere",
                "bientity_action": {
                    "type": "origins:target_action",
                    "action": {
                        "type": "origins:apply_effect",
                        "effects": [
                            {
                                "effect": "minecraft:wither",
                                "amplifier": 2,
                                "duration": 120,
                                "is_ambient": false,
                                "show_particles": true,
                                "show_icon": true
                            },
                            {
                                "effect": "minecraft:hunger",
                                "amplifier": 0,
                                "duration": 160,
                                "is_ambient": false,
                                "show_particles": true,
                                "show_icon": true
                            },
							{
                                "effect": "minecraft:slowness",
                                "amplifier": 0,
                                "duration": 160,
                                "is_ambient": false,
                                "show_particles": true,
                                "show_icon": true
                            }
                        ]
                    }
                }
            },
            {
                "type": "origins:play_sound",
                "sound": "minecraft:entity.puffer_fish.sting",
                "volume": 0.75,
                "pitch": 0
            },
            {
                "type": "origins:exhaust",
                "amount": 15
            },
            {
                "type": "origins:spawn_particles",
                "particle": "poof",
                "count": 8,
                "speed": 0.5,
                "force": false,
                "spread": {
                    "x": 2,
                    "y": 1,
                    "z": 2
                }
            },
            {
                "type": "origins:spawn_particles",
                "particle": "effect",
                "count": 16,
                "speed": 0.5,
                "force": false,
                "spread": {
                    "x": 2,
                    "y": 1,
                    "z": 2
                }
            }
        ],
        "bientity_condition": {
            "type": "origins:can_see"
        },
        "key": {
            "key": "key.origins.primary_active"
        }
    },
    "cooldown": 280,
    "hud_render": {
        "should_render": true,
        "sprite_location": "origins:textures/gui/community/spiderkolo/resource_bar_02.png",
        "bar_index": 17
    },
	"name": "Toxic Fumes",
	"description": "Puff out a cloud of caustic spores, inflicting nearby entities with wither, hunger, and slowness! Costs some hunger, and has a short cooldown."
}