{
	"powers": [
		"fungi:toxicfumes",
		"fungi:roottrigger",
		"fungi:growmycelium",
		"fungi:mushy",
		"fungi:decomposer",
		"fungi:immunities",
		"fungi:givemycelium",
		"fungi:onlynaturalfood",
		"fungi:particles",
		"fungi:root",
		"fungi:rooteffects",
		"fungi:scald",
		"fungi:scaldtrigger",
		"fungi:shrivel",
		"fungi:shrivelnether",
		"fungi:wilt",
		"fungi:wilttrigger",
		"fungi:wilttriggernether"
	],
	"icon": "minecraft:mycelium",
	"order": 20,
	"impact": 2,
	"name": "Fungi",
	"description": "Living, walking, and occasionally talking mushrooms, Fungi inhabit the darkest, dankest corners in the forests and caves of the overworld."
}